INSERT INTO branches (id, address, lat, lng, is_main, name) VALUES
                                                                ('branch_1', '66-68 Le Loi, Ben Nghe, District 1, Ho Chi Minh City', 10.7626, 106.6959, true, 'Highlands Coffee Le Loi'),
                                                                ('branch_2', '45 Tran Hung Dao, District 1, Ho Chi Minh City', 10.7621, 106.6947, false, 'Starbucks Saigon Center'),
                                                                ('branch_3', '38 Le Duan, Ben Nghe, District 1, Ho Chi Minh City', 10.7769, 106.6969, false, 'The Coffee House Le Duan'),
                                                                ('branch_4', '106 Nguyen Thi Minh Khai, District 3, Ho Chi Minh City', 10.7718, 106.6965, true, 'Tocotoco Coffee');
INSERT INTO brands (id, created_at, display_name, field, latitude, longitude, image_url, password, status, updated_at, username) VALUES
                                                                                                                                     ('highlands', '2025-01-01 10:00:00', 'Highlands Coffee', 'Coffee', 10.7626, 106.6959, 'https://upload.wikimedia.org/wikipedia/commons/e/e1/Highlands_Coffee_logo.png', 'highlands123', 'ACTIVE', '2025-01-01 12:00:00', 'highlands_user'),
                                                                                                                                     ('starbucks', '2025-01-02 11:00:00', 'Starbucks', 'Coffee & Beverages', 10.7621, 106.6947, 'https://upload.wikimedia.org/wikipedia/commons/a/a2/Starbucks_Logo_2011.svg', 'coffee123', 'ACTIVE', '2025-01-02 13:00:00', 'starbucks_vn'),
                                                                                                                                     ('the_coffee_house', '2025-01-03 09:30:00', 'The Coffee House', 'Coffee', 10.7769, 106.6969, 'https://upload.wikimedia.org/wikipedia/commons/9/98/The_Coffee_House_logo.png', 'coffeehouse123', 'ACTIVE', '2025-01-03 10:00:00', 'the_coffee_house_user'),
                                                                                                                                     ('tocotoco', '2025-01-04 08:00:00', 'Tocotoco', 'Tea & Drinks', 10.7718, 106.6965, 'https://upload.wikimedia.org/wikipedia/commons/0/0c/Tocotoco_logo.png', 'tocotoco123', 'ACTIVE', '2025-01-04 10:30:00', 'tocotoco_user');
INSERT INTO orders (id, amount, brand_id, create_at, currency, order_id) VALUES
                                                                             ('order_1', 45.00, 'highlands', '2025-01-01 10:15:00', 'VND', 'order123'),
                                                                             ('order_2', 55.00, 'starbucks', '2025-01-02 11:45:00', 'VND', 'order124'),
                                                                             ('order_3', 40.00, 'the_coffee_house', '2025-01-03 08:30:00', 'VND', 'order125'),
                                                                             ('order_4', 60.00, 'tocotoco', '2025-01-04 09:00:00', 'VND', 'order126');
INSERT INTO promotions (id, budget, created_at, description, end_date, games, image_url, name, remaining_budget, start_date, status, updated_at, brand_id) VALUES
                                                                        ('promo_1', 100000000, '2025-01-01 10:00:00.000000', '50% off on all beverages', '2025-01-15 23:59:59.000000', '["SHAKE", "QUIZ"]', 'https://example.com/promo1.jpg', 'Half-Price Drinks', 50000000, '2025-01-01 10:00:00.000000', 'ACTIVE', '2025-01-01 12:00:00.000000', 'highlands'),
                                                                        ('promo_4', 150000000, '2025-01-04 10:00:00.000000', '15% off on all drinks', '2025-01-15 23:59:59.000000', '["SHAKE"]', 'https://example.com/promo4.jpg', 'Drink Discount', 75000000, '2025-01-04 10:00:00.000000', 'ACTIVE', '2025-01-04 11:00:00.000000', 'tocotoco'),
                                                                        ('promo_2', 80000000, '2025-01-02 12:00:00.000000', 'Buy one get one free on iced drinks', '2025-01-10 23:59:59.000000', '["SHAKE"]', 'https://example.com/promo2.jpg', 'BOGO Iced Drinks', 40000000, '2025-01-02 12:00:00.000000', 'ACTIVE', '2025-01-02 14:00:00.000000', 'starbucks'),
                                                                        ('promo_3', 120000000, '2025-01-03 09:00:00.000000', 'Free pastry with any large coffee', '2025-01-20 23:59:59.000000', '["QUIZ"]', 'https://example.com/promo3.jpg', 'Coffee & Pastry Combo', 60000000, '2025-01-03 09:00:00.000000', 'ACTIVE', '2025-01-03 11:00:00.000000', 'the_coffee_house');

INSERT INTO vouchers (id, code, created_at, create_counts, description, expired_at, image_url, max_counts, status, type, updated_at, value, value_type, promotion_id) VALUES
                                                                                                                                                                          ('voucher_1', 'HIGHLANDS50', '2025-01-01 10:00:00', 100, '50% off on any drink at Highlands Coffee', '2025-01-15 23:59:59', 'https://example.com/voucher1.jpg', 200, 'ACTIVE', 'ONLINE', '2025-01-01 12:00:00', 50.00, 'PERCENTAGE', 'promo_1'),
                                                                                                                                                                          ('voucher_2', 'STARBUCKSBOGO', '2025-01-02 11:00:00', 50, 'Buy one get one free on iced drinks at Starbucks', '2025-01-10 23:59:59', 'https://example.com/voucher2.jpg', 100, 'ACTIVE', 'ONLINE', '2025-01-02 13:00:00', 1.00, 'ITEM', 'promo_2'),
                                                                                                                                                                          ('voucher_3', 'COFFEEHOUSE25', '2025-01-03 09:00:00', 80, '25% off on any drink at The Coffee House', '2025-01-20 23:59:59', 'https://example.com/voucher3.jpg', 150, 'ACTIVE', 'OFFLINE', '2025-01-03 10:00:00', 25.00, 'PERCENTAGE', 'promo_3'),
                                                                                                                                                                          ('voucher_4', 'TOCOTOCODISCOUNT', '2025-01-04 08:30:00', 200, 'Discount of 15% on all drinks at Tocotoco', '2025-01-15 23:59:59', 'https://example.com/voucher4.jpg', 300, 'ACTIVE', 'ONLINE', '2025-01-04 09:00:00', 15.00, 'PERCENTAGE', 'promo_4');

INSERT INTO voucher_user (id, created_at, qr_code, redeemed_at, status, updated_at, user_id, voucher_id) VALUES
                                                                                                             ('voucher_user_1', '2025-01-01 10:15:00', 'https://example.com/qr1.png', '2025-01-01 10:30:00', 'REDEEMED', '2025-01-01 11:00:00', '\x1234567890abcdef', 'voucher_1'),
                                                                                                             ('voucher_user_2', '2025-01-02 11:45:00', 'https://example.com/qr2.png', '2025-01-02 12:00:00', 'REDEEMED', '2025-01-02 12:30:00', '\xabcdef1234567890', 'voucher_2'),
                                                                                                             ('voucher_user_3', '2025-01-03 08:35:00', 'https://example.com/qr3.png', '2025-01-03 08:45:00', 'REDEEMED', '2025-01-03 09:00:00', '\x9876543210fedcba', 'voucher_3'),
                                                                                                             ('voucher_user_4', '2025-01-04 09:10:00', 'https://example.com/qr4.png', '2025-01-04 09:20:00', 'REDEEMED', '2025-01-04 09:30:00', '\x234567890abcdef1', 'voucher_4');
